album,album_year,release_group_mbid,release_mbid,title,date,country,status,format,discs,tracks,disambiguation
Valley of the Damned,2003,880c6868-1c27-32e3-9fea-2faac2d82a0e,04577802-36c5-49b3-8294-834d359800ce,Valley of the Damned,2003,GB,Official,CD,1,9,made in the UK by Universal M&L
Valley of the Damned,2003,880c6868-1c27-32e3-9fea-2faac2d82a0e,954ffd73-427f-494a-9e00-198bfff5293d,Valley of the Damned,2003,TH,Official,CD,1,9,
Valley of the Damned,2003,880c6868-1c27-32e3-9fea-2faac2d82a0e,c9e43b53-80ff-3e91-abf0-e321abc7cd7e,Valley of the Damned,2003-01-27,US,Official,CD,1,9,
Valley of the Damned,2003,880c6868-1c27-32e3-9fea-2faac2d82a0e,e65eb20b-4be1-406a-989d-02825c69b1a6,Valley of the Damned,2003-01-27,GB,Official,CD,1,9,
Valley of the Damned,2003,880c6868-1c27-32e3-9fea-2faac2d82a0e,6a58d2af-f11b-4991-b718-1d103a6541f2,Valley of the Damned,2003-05-17,JP,Official,CD,1,10,
Valley of the Damned,2003,880c6868-1c27-32e3-9fea-2faac2d82a0e,315d0135-bad3-4abb-9dd0-c1617663158a,Valley of the Damned,2009,XW,Official,Digital Media,1,10,2010 remastered edition
Valley of the Damned,2003,880c6868-1c27-32e3-9fea-2faac2d82a0e,bef5773e-9652-435c-9f3e-a1119d472813,Valley of the Damned,2010-01-20,JP,Official,CD+DVD,2,18,
Valley of the Damned,2003,880c6868-1c27-32e3-9fea-2faac2d82a0e,0935f040-68fc-4053-801b-f4606ef1d896,Valley of the Damned,2010-02-19,GB,Official,CD+DVD-Video,2,11,2010 remix & remaster
Sonic Firestorm,2004,bc210daa-b1cd-36d8-a3df-dd71d9a4dd7b,d5202c54-bdd8-33ac-9e7d-bcbd86a992de,Sonic Firestorm,2004,US,Official,CD,1,8,
Sonic Firestorm,2004,bc210daa-b1cd-36d8-a3df-dd71d9a4dd7b,9856f656-238d-4085-b669-dd788feae285,Sonic Firestorm,2004-04-19,GB,Official,CD,1,8,
Sonic Firestorm,2004,bc210daa-b1cd-36d8-a3df-dd71d9a4dd7b,9ad01748-2c99-41f2-b9ba-2b7ac179a149,Sonic Firestorm,2004-04-19,XE,Official,CD,1,8,
Sonic Firestorm,2004,bc210daa-b1cd-36d8-a3df-dd71d9a4dd7b,608d73a2-af4e-4cf5-adf6-7ff7213726ac,Sonic Firestorm,2004,AR,Official,Digital Media,1,8,
Sonic Firestorm,2004,bc210daa-b1cd-36d8-a3df-dd71d9a4dd7b,40520251-eb87-4b73-b053-69fae104922f,Sonic Firestorm,2004-03-24,JP,Official,CD,1,9,
Sonic Firestorm,2004,bc210daa-b1cd-36d8-a3df-dd71d9a4dd7b,0b02627a-7f8f-4ea9-8d07-1fe397cfc210,Sonic Firestorm,2009,XW,Official,Digital Media,1,9,2010 edition
Sonic Firestorm,2004,bc210daa-b1cd-36d8-a3df-dd71d9a4dd7b,fbe14ce0-397f-4072-9ca7-e54c35f844ae,Sonic Firestorm,2010,CA,Official,CD+DVD-R Video,2,12,
Sonic Firestorm,2004,bc210daa-b1cd-36d8-a3df-dd71d9a4dd7b,9f34075b-ed8f-4582-bc65-29c8cd0dd662,Sonic Firestorm,2010-02-23,DE,Official,CD+DVD,2,12,
Inhuman Rampage,2005,9f7d7652-cf16-3384-86a2-f14bc0f1a67b,baf6afa5-ebb9-4437-95f9-c7c6eb1a467f,Inhuman Rampage,2006,MX,Official,CD,1,8,
Inhuman Rampage,2005,9f7d7652-cf16-3384-86a2-f14bc0f1a67b,9ee03436-b259-340e-b32c-dd0ce64e05e0,Inhuman Rampage,2006-06-20,US,Official,CD,1,8,
Inhuman Rampage,2005,9f7d7652-cf16-3384-86a2-f14bc0f1a67b,88de9fea-5155-4e6b-bb6f-878b2e75c4fd,Inhuman Rampage,2006,US,Official,Enhanced CD,1,8,BMG Club edition
Inhuman Rampage,2005,9f7d7652-cf16-3384-86a2-f14bc0f1a67b,27a94f16-382c-4e2c-a0a1-a0b344d37f69,Inhuman Rampage,2006-01-06,XE,Official,Enhanced CD,1,8,
Inhuman Rampage,2005,9f7d7652-cf16-3384-86a2-f14bc0f1a67b,1b6a4121-4f60-4612-96b1-b969454cfc9b,Inhuman Rampage,2006-01-09,XW,Official,Digital Media,1,8,
Inhuman Rampage,2005,9f7d7652-cf16-3384-86a2-f14bc0f1a67b,f482364a-ce15-46bc-87e6-514f23c2d93e,Inhuman Rampage,2006-01-09,GB,Official,Enhanced CD,1,8,
Inhuman Rampage,2005,9f7d7652-cf16-3384-86a2-f14bc0f1a67b,19550f57-9fe4-481f-be4f-81f8ad8de0b2,Inhuman Rampage,2006-01-26,XE,Official,"12"" Vinyl",1,8,picture disc
Inhuman Rampage,2005,9f7d7652-cf16-3384-86a2-f14bc0f1a67b,56e577d7-7e94-3555-8eff-84afdd0d41f0,Inhuman Rampage,2006-06-20,CA,Official,Enhanced CD,1,8,
Inhuman Rampage,2005,9f7d7652-cf16-3384-86a2-f14bc0f1a67b,9262f4a3-4f30-4e92-9f90-e546ec3078e0,Inhuman Rampage,2006-06-20,US,Official,Enhanced CD,1,8,
Inhuman Rampage,2005,9f7d7652-cf16-3384-86a2-f14bc0f1a67b,2f5489f2-edc4-3e36-9dae-8298c254e29a,Inhuman Rampage,2005-12-28,JP,Official,Enhanced CD,1,9,
Inhuman Rampage,2005,9f7d7652-cf16-3384-86a2-f14bc0f1a67b,0c651f89-8875-411a-b9cf-176d3056d79d,Inhuman Rampage,2007-03-13,US,Official,CD+DVD,2,13,Special Edition
Inhuman Rampage,2005,9f7d7652-cf16-3384-86a2-f14bc0f1a67b,2474dbb5-a74e-4ae4-bc5d-6be1da648078,Inhuman Rampage,2007-03-13,XE,Official,CD+DVD,2,13,
Inhuman Rampage,2005,9f7d7652-cf16-3384-86a2-f14bc0f1a67b,bdb9ed51-6241-4938-9606-67741ff7875e,Inhuman Rampage,,XW,Official,Digital Media,1,9,Special Edition
Inhuman Rampage,2005,9f7d7652-cf16-3384-86a2-f14bc0f1a67b,e73ebd3c-10d5-4cf0-9b91-37ac13e7a8b9,Inhuman Rampage,2006,XE,Promotion,CD,1,8,
Ultra Beatdown,2008,7c3e75cd-109d-3b03-86e3-e5359a329725,f6aeb50f-385c-4bf3-80b5-4f6c92c83031,Ultra Beatdown,2008,AU,Official,CD,1,8,
Ultra Beatdown,2008,7c3e75cd-109d-3b03-86e3-e5359a329725,95d70266-b197-38a4-96e1-21eefd5797d2,Ultra Beatdown,2008-08-25,XE,Official,CD,1,8,
Ultra Beatdown,2008,7c3e75cd-109d-3b03-86e3-e5359a329725,0d773cd8-530b-4c15-80d0-9f805ca30108,Ultra Beatdown,2008-08-26,US,Official,CD,1,8,
Ultra Beatdown,2008,7c3e75cd-109d-3b03-86e3-e5359a329725,6fc594c0-3603-4746-8f00-95004035a61a,Ultra Beatdown,2008-08-26,US,Official,CD,1,8,
Ultra Beatdown,2008,7c3e75cd-109d-3b03-86e3-e5359a329725,5769d798-f03c-4334-b0fe-46710fb31242,Ultra Beatdown,2008-08-20,XW,Official,Digital Media,1,8,
Ultra Beatdown,2008,7c3e75cd-109d-3b03-86e3-e5359a329725,1b5d851b-c7dc-30e6-bc54-61e90420aa36,Ultra Beatdown,2008-09-30,US,Official,Vinyl,1,8,
Ultra Beatdown,2008,7c3e75cd-109d-3b03-86e3-e5359a329725,c2eb1dfb-f7d8-4138-9687-6038342fdf2d,Ultra Beatdown,2008-08-20,JP,Official,CD,1,11,
Ultra Beatdown,2008,7c3e75cd-109d-3b03-86e3-e5359a329725,7f2d163a-80a1-3471-b1bb-5dd5474e553c,Ultra Beatdown,2008-08-25,GB,Official,CD,1,10,
Ultra Beatdown,2008,7c3e75cd-109d-3b03-86e3-e5359a329725,f2273b3e-0378-4866-a89b-195054a1882f,Ultra Beatdown,2008-08-26,US,Official,CD,1,10,
Ultra Beatdown,2008,7c3e75cd-109d-3b03-86e3-e5359a329725,59bb0bd7-ac87-455f-a2f2-51abd7929831,Ultra Beatdown,2008-08-25,XE,Official,CD+DVD-Video,2,12,limited edition
The Power Within,2012,97801c06-1752-492e-9ed4-5429b758381d,1f98b253-53b1-4348-8422-fd52445a79b2,The Power Within,2012-04-13,AU,Official,CD,1,10,
The Power Within,2012,97801c06-1752-492e-9ed4-5429b758381d,926b178a-4dac-44de-a6ea-dc276da363d7,The Power Within,2012-04-15,RU,Official,CD,1,10,
The Power Within,2012,97801c06-1752-492e-9ed4-5429b758381d,dde1889c-f3d6-4d7a-9bd6-653699387f17,The Power Within,2012-04-16,GB,Official,CD,1,10,
The Power Within,2012,97801c06-1752-492e-9ed4-5429b758381d,8e1216c3-6f62-4416-9012-f26523c966f1,The Power Within,2012-04-17,US,Official,CD,1,10,
The Power Within,2012,97801c06-1752-492e-9ed4-5429b758381d,79a4a918-232f-4144-ae28-3604c5f6f51e,The Power Within,2012-04-17,US,Official,Digital Media,1,10,
The Power Within,2012,97801c06-1752-492e-9ed4-5429b758381d,f2059202-32fa-42f7-aee6-8777c561e104,The Power Within,2012-04-17,AL,Official,Digital Media,1,10,
The Power Within,2012,97801c06-1752-492e-9ed4-5429b758381d,967a9635-9909-4b23-82ec-3b7699541c96,The Power Within,2012-04-30,GB,Official,"12"" Vinyl",1,10,
The Power Within,2012,97801c06-1752-492e-9ed4-5429b758381d,e4ee9eb6-0ba2-43a7-be26-4ba599d4e052,The Power Within,2015-05-01,XE,Official,"12"" Vinyl",1,10,
The Power Within,2012,97801c06-1752-492e-9ed4-5429b758381d,27bd0ea0-c520-4688-9ec1-a0b88e66823f,The Power Within,2012-04-11,JP,Official,CD,1,11,
The Power Within,2012,97801c06-1752-492e-9ed4-5429b758381d,418b1bae-c3e9-49bf-845a-08acbe3a48d3,Re-Powered Within,2018,RU,Official,CD,1,13,
The Power Within,2012,97801c06-1752-492e-9ed4-5429b758381d,34f5ff37-ced4-4e33-8220-a2ad887877dd,Re-Powered Within,2018-05-04,JP,Official,CD,1,13,
The Power Within,2012,97801c06-1752-492e-9ed4-5429b758381d,8c97dc9a-b91e-460a-8ba5-ecd20e8eedd9,Re-Powered Within,2018-05-04,DE,Official,CD,1,13,remastered
The Power Within,2012,97801c06-1752-492e-9ed4-5429b758381d,23cfff52-e73e-41f4-a5f3-8b850c3134f9,The Power Within,2012-04-15,GB,Official,Digital Media,1,13,bonus material
The Power Within,2012,97801c06-1752-492e-9ed4-5429b758381d,e0dd2a71-7e64-462e-b492-62e8565003d3,The Power Within,2012-04-17,US,Official,Digital Media,1,13,Special Edition
The Power Within,2012,97801c06-1752-492e-9ed4-5429b758381d,c604f813-5feb-4ef7-8e7c-89f6cce7c70b,Re-Powered Within,2018-05-04,XE,Official,Digital Media,1,13,remastered
Maximum Overload,2014,531516fa-6318-44d5-9ad1-92eefbe3a1bb,8688655f-a2b7-465d-b9f5-ac44fed0968c,Maximum Overload,2014-08-18,XE,Official,CD,1,10,
Maximum Overload,2014,531516fa-6318-44d5-9ad1-92eefbe3a1bb,a6e819dd-e403-4020-81cf-2bb30e545b38,Maximum Overload,2014-08-18,MX,Official,CD,1,10,
Maximum Overload,2014,531516fa-6318-44d5-9ad1-92eefbe3a1bb,89ff8f13-70fe-4697-89dc-0b24c29846fc,Maximum Overload,2014-08-19,US,Official,CD,1,10,
Maximum Overload,2014,531516fa-6318-44d5-9ad1-92eefbe3a1bb,940896a3-f970-4482-b1e1-bfdc3b11c30e,Maximum Overload,2014-08-15,AL,Official,Digital Media,1,10,
Maximum Overload,2014,531516fa-6318-44d5-9ad1-92eefbe3a1bb,74565d64-5e6d-42b7-a22c-4a48d05ee313,Maximum Overload,2014-08-17,IE,Official,Digital Media,1,10,
Maximum Overload,2014,531516fa-6318-44d5-9ad1-92eefbe3a1bb,988d1028-dcd0-441f-bcd3-c93d1588d249,Maximum Overload,2014-08-19,US,Official,Digital Media,1,10,
Maximum Overload,2014,531516fa-6318-44d5-9ad1-92eefbe3a1bb,f1fc42eb-6c3e-4de7-8f36-5bdce40cbb7f,Maximum Overload,2014,XE,Official,CD,1,15,
Maximum Overload,2014,531516fa-6318-44d5-9ad1-92eefbe3a1bb,a52dcdbf-2699-45bb-a519-768af515a8b0,Maximum Overload,2014-08-13,JP,Official,CD,1,11,
Maximum Overload,2014,531516fa-6318-44d5-9ad1-92eefbe3a1bb,f9840304-3ada-4d09-adba-f6ba379e7d30,Maximum Overload,2014-08-08,AU,Official,Digital Media,1,15,Special Edition
Maximum Overload,2014,531516fa-6318-44d5-9ad1-92eefbe3a1bb,032334c1-fbee-48ef-aa09-4a2642e552d6,Maximum Overload,2014-08-13,JP,Official,Digital Media,1,11,
Maximum Overload,2014,531516fa-6318-44d5-9ad1-92eefbe3a1bb,9e00f0ba-8018-4159-9d30-16c734a17477,Maximum Overload,2014-08-13,JP,Official,CD+DVD-Video,2,18,special edition
Maximum Overload,2014,531516fa-6318-44d5-9ad1-92eefbe3a1bb,e460a64d-32e4-4fd9-ac4f-77842ca9b2d6,Maximum Overload,2014-08-13,JP,Official,Digital Media,1,16,Special Edition
Maximum Overload,2014,531516fa-6318-44d5-9ad1-92eefbe3a1bb,74f98866-c48d-40d0-9b32-5a2f3d2f3ee2,Maximum Overload,2014-08-15,XW,Official,Digital Media,1,16,deluxe edition
Maximum Overload,2014,531516fa-6318-44d5-9ad1-92eefbe3a1bb,646c57bf-09c1-4679-bd0e-a8d744fdf17b,Maximum Overload,2014-08-18,XE,Official,CD+DVD-Video,2,17,
Maximum Overload,2014,531516fa-6318-44d5-9ad1-92eefbe3a1bb,733aa943-8838-4dd0-bdfe-88ecb563c2be,Maximum Overload,2014-08-18,AF,Official,Digital Media,1,16,
Maximum Overload,2014,531516fa-6318-44d5-9ad1-92eefbe3a1bb,17b5c836-25f9-4c8d-89fe-8ad2fb0caf92,Maximum Overload,2014-08-19,CA,Official,Digital Media,1,15,deluxe
Maximum Overload,2014,531516fa-6318-44d5-9ad1-92eefbe3a1bb,b3a2b1f1-81ca-4a52-ab92-7faf7dd1b612,Maximum Overload,2014-08-19,US,Official,CD+DVD-Video,2,17,special edition
Maximum Overload,2014,531516fa-6318-44d5-9ad1-92eefbe3a1bb,fc26b7f7-760e-4d41-a3bc-126553b8b6cc,Maximum Overload,2014-08-19,US,Official,Digital Media,1,15,special edition
Maximum Overload,2014,531516fa-6318-44d5-9ad1-92eefbe3a1bb,a024a602-6f0b-4f84-9a8a-b120c49bbd79,Maximum Overload,2014-09-03,JP,Official,Digital Media,1,18,Special Edition
Maximum Overload,2014,531516fa-6318-44d5-9ad1-92eefbe3a1bb,09d548a7-47b8-44da-a34c-9c6362e9ea55,Maximum Overload,2014-08-19,US,,Vinyl,1,10,
Reaching Into Infinity,2017,55534e75-a37d-4692-af0e-fd5c33f322aa,d22f1777-0c4d-4e1e-9755-91fdfd287b84,Reaching Into Infinity,2017-05-19,US,Official,CD,1,13,Special Edition
Reaching Into Infinity,2017,55534e75-a37d-4692-af0e-fd5c33f322aa,0d1006f9-2942-4630-9593-9c09428e1082,Reaching Into Infinity,2017-05-19,XE,Official,"12"" Vinyl+12"" Vinyl",2,13,
Reaching Into Infinity,2017,55534e75-a37d-4692-af0e-fd5c33f322aa,6788abee-37ee-46fa-9cef-b43af3428492,Reaching Into Infinity,2017-05-19,CA,Official,Digital Media,1,13,
Reaching Into Infinity,2017,55534e75-a37d-4692-af0e-fd5c33f322aa,a514f516-5258-4fed-b9a6-aff3ba4264a5,Reaching Into Infinity,2017-05-19,US,Official,"12"" Vinyl+12"" Vinyl",2,13,
Reaching Into Infinity,2017,55534e75-a37d-4692-af0e-fd5c33f322aa,e4fe674c-ec44-4971-b153-71e61d4fb18d,Reaching Into Infinity,2017-05-19,US,Official,Digital Media,1,13,Special Edition
Reaching Into Infinity,2017,55534e75-a37d-4692-af0e-fd5c33f322aa,e7550f7a-42f6-4429-bceb-56707aac8439,Reaching Into Infinity,2017-05-17,JP,Official,CD,1,12,
Reaching Into Infinity,2017,55534e75-a37d-4692-af0e-fd5c33f322aa,07eb5c76-9bae-464e-9435-99800e78ed97,Reaching Into Infinity,2017-05-19,XE,Official,CD,1,11,
Reaching Into Infinity,2017,55534e75-a37d-4692-af0e-fd5c33f322aa,d482c132-4f49-4bf0-a555-39104664688a,Reaching Into Infinity,2017-05-19,XW,Official,CD,1,11,
Reaching Into Infinity,2017,55534e75-a37d-4692-af0e-fd5c33f322aa,4272c6e9-8a3f-4f05-ba78-cd98552d2cc2,Reaching Into Infinity,2017,RU,Official,CD+DVD-Video,2,19,
Reaching Into Infinity,2017,55534e75-a37d-4692-af0e-fd5c33f322aa,75c6df96-c0e0-4aee-ad50-8e990bf4d78f,Reaching Into Infinity,2017,CA,Official,CD+DVD-Video,2,19,
Reaching Into Infinity,2017,55534e75-a37d-4692-af0e-fd5c33f322aa,d1acdff5-b33f-45fe-af69-7f6f1f6a8ed6,Reaching Into Infinity,2017-05-17,JP,Official,CD+DVD-Video,2,20,
Reaching Into Infinity,2017,55534e75-a37d-4692-af0e-fd5c33f322aa,d67f3b8a-252d-446a-b27d-577ed8231c29,Reaching Into Infinity,2017-05-17,JP,Official,Digital Media,1,12,
Reaching Into Infinity,2017,55534e75-a37d-4692-af0e-fd5c33f322aa,01ea11aa-f83c-4ae8-a086-8d0e9c4e512b,Reaching Into Infinity,2017-05-19,XE,Official,CD+DVD-Video,2,19,
Reaching Into Infinity,2017,55534e75-a37d-4692-af0e-fd5c33f322aa,28917263-1721-4773-b589-467ca497f953,Reaching Into Infinity,2017-05-19,IE,Official,Digital Media,1,11,
Reaching Into Infinity,2017,55534e75-a37d-4692-af0e-fd5c33f322aa,4b75b063-2810-4bfb-9c05-ec870db48b5a,Reaching Into Infinity,2017-05-19,US,Official,CD+DVD-Video,2,19,limited edition
Reaching Into Infinity,2017,55534e75-a37d-4692-af0e-fd5c33f322aa,e0905d06-46ad-4275-b6a6-fa2e6381f962,Reaching Into Infinity,2017-05-19,AU,Official,Digital Media,1,11,
Extreme Power Metal,2019,70c41b71-17df-4ba8-9192-bf28929b979f,571c96c7-a49b-45e5-8fae-22bc9928b819,Extreme Power Metal,2019-09-27,XE,Official,CD,1,10,
Extreme Power Metal,2019,70c41b71-17df-4ba8-9192-bf28929b979f,f1b092d8-87e3-4a8b-a03e-c715d1e4242c,Extreme Power Metal,2019-09-27,US,Official,CD,1,10,
Extreme Power Metal,2019,70c41b71-17df-4ba8-9192-bf28929b979f,193e58d9-3b92-46d9-b337-d8695a0e2949,Extreme Power Metal,2019-09-27,AL,Official,Digital Media,1,10,
Extreme Power Metal,2019,70c41b71-17df-4ba8-9192-bf28929b979f,b39ceaa0-c0c1-4231-a682-0848e95f9801,Extreme Power Metal,2019-09-27,US,Official,Digital Media,1,10,
Extreme Power Metal,2019,70c41b71-17df-4ba8-9192-bf28929b979f,035c7f94-c5e5-4dfe-a24c-671c277ab29b,Extreme Power Metal,,,Official,"12"" Vinyl+12"" Vinyl",2,10,
Extreme Power Metal,2019,70c41b71-17df-4ba8-9192-bf28929b979f,854d72fb-dc80-46cf-b297-68840e28cff4,Extreme Power Metal,2019-09-25,JP,Official,CD,1,11,
Extreme Power Metal,2019,70c41b71-17df-4ba8-9192-bf28929b979f,34411453-d3eb-415f-863d-6f76d7e7cdba,Extreme Power Metal,2019-09-25,JP,Official,CD+DVD-Video,2,14,
Warp Speed Warriors,2024,db5b4b22-43a1-45ba-a490-2c5ec341a7b2,ef729bc3-f67c-468a-8c53-372d358f4fa8,Warp Speed Warriors,2024-03-13,JP,Official,CD,1,10,
Warp Speed Warriors,2024,db5b4b22-43a1-45ba-a490-2c5ec341a7b2,7c71acf9-bde1-4392-983a-0011e6d1bec6,Warp Speed Warriors,2024-03-15,XW,Official,CD,1,10,
Warp Speed Warriors,2024,db5b4b22-43a1-45ba-a490-2c5ec341a7b2,75b3a112-8367-4f1c-9d4f-ddd58c81c3fc,Warp Speed Warriors,2024,,Official,"12"" Vinyl",1,9,
Warp Speed Warriors,2024,db5b4b22-43a1-45ba-a490-2c5ec341a7b2,e6a55782-a4fc-490b-bc2d-414977469bb1,Warp Speed Warriors,2024-03-13,JP,Official,CD+CD,2,14,
Warp Speed Warriors,2024,db5b4b22-43a1-45ba-a490-2c5ec341a7b2,24fcaed7-5585-45b5-be09-fbd2b5fa5aca,Warp Speed Warriors,2024-03-15,XW,Official,Digital Media,1,12,Bandcamp
Warp Speed Warriors,2024,db5b4b22-43a1-45ba-a490-2c5ec341a7b2,c6e658bb-cb0c-4b60-a4e0-0beb6dbd73ba,Warp Speed Warriors,2024-03-15,XW,Official,CD+CD,2,14,Deluxe Gymbag Edition
Warp Speed Warriors,2024,db5b4b22-43a1-45ba-a490-2c5ec341a7b2,d25fd13f-e9a3-417d-9f20-d0cfe9c70d6f,Warp Speed Warriors,2024-03-15,XW,Official,Digital Media,1,12,
Warp Speed Warriors,2024,db5b4b22-43a1-45ba-a490-2c5ec341a7b2,b70fa69c-cbed-4b47-8882-537620e4dcbd,Warp Speed Warriors,2024-03-15,XW,,?,1,10,
Warp Speed Warriors,2024,db5b4b22-43a1-45ba-a490-2c5ec341a7b2,c65585ff-6d3b-449b-a273-56ba129f0a84,Warp Speed Warriors,,XW,Bootleg,CD,1,14,
