track_id,recording_mbid,album,album_mbid,release_mbid,release_year,disc_no,disc_format,track_no,track_number_printed,track_title,title_key,length_ms,is_bonus_track,is_cover,is_instrumental,verified,lyric_status,genius_song_id,genius_title,lyric_word_count,lyric_unique_words,lyric_line_count
valley-of-the-damned-1-01,f3686201-5ccb-476a-b005-fc2fb648dfce,Valley of the Damned,880c6868-1c27-32e3-9fea-2faac2d82a0e,c9e43b53-80ff-3e91-abf0-e321abc7cd7e,2003,1,CD,1,1,Invocation of Apocalyptic Evil,invocation of apocalyptic evil,13706,no,no,yes,y,no_lyrics,,,,,
valley-of-the-damned-1-02,7547f997-08c1-424e-a252-869324fc6555,Valley of the Damned,880c6868-1c27-32e3-9fea-2faac2d82a0e,c9e43b53-80ff-3e91-abf0-e321abc7cd7e,2003,1,CD,2,2,Valley of the Damned,valley of the damned,432373,no,no,no,y,ok,,Valley of the Damned,359,132,74
valley-of-the-damned-1-03,66f773d4-114c-47e5-a66c-711b1a565058,Valley of the Damned,880c6868-1c27-32e3-9fea-2faac2d82a0e,c9e43b53-80ff-3e91-abf0-e321abc7cd7e,2003,1,CD,3,3,Black Fire,black fire,347213,no,no,no,y,ok,,Black Fire,331,117,44
valley-of-the-damned-1-04,3fd7e5c4-e784-477b-9866-05f96c41cbaf,Valley of the Damned,880c6868-1c27-32e3-9fea-2faac2d82a0e,c9e43b53-80ff-3e91-abf0-e321abc7cd7e,2003,1,CD,4,4,Black Winter Night,black winter night,390960,no,no,no,y,ok,,Black Winter Night,423,129,62
valley-of-the-damned-1-05,c423b3dc-4093-486c-8594-8abb1e38e90a,Valley of the Damned,880c6868-1c27-32e3-9fea-2faac2d82a0e,c9e43b53-80ff-3e91-abf0-e321abc7cd7e,2003,1,CD,5,5,Starfire,starfire,353426,no,no,no,y,ok,,Starfire,463,148,58
valley-of-the-damned-1-06,78b6cfc9-e07f-4957-aa67-b2d6b2e5ce0c,Valley of the Damned,880c6868-1c27-32e3-9fea-2faac2d82a0e,c9e43b53-80ff-3e91-abf0-e321abc7cd7e,2003,1,CD,6,6,Disciples of Babylon,disciples of babylon,436586,no,no,no,y,ok,,Disciples of Babylon,282,84,52
valley-of-the-damned-1-07,9babf36e-0c75-49f2-8fbf-e8033e2ca0ee,Valley of the Damned,880c6868-1c27-32e3-9fea-2faac2d82a0e,c9e43b53-80ff-3e91-abf0-e321abc7cd7e,2003,1,CD,7,7,Revelations,revelations,412653,no,no,no,y,ok,,Revelations,385,136,74
valley-of-the-damned-1-08,24d69bb3-36ba-4407-a579-8cc306c29313,Valley of the Damned,880c6868-1c27-32e3-9fea-2faac2d82a0e,c9e43b53-80ff-3e91-abf0-e321abc7cd7e,2003,1,CD,8,8,Evening Star,evening star,399266,no,no,no,y,ok,,Evening Star,284,86,45
valley-of-the-damned-1-09,7646266a-2081-4567-9bec-e9a770529759,Valley of the Damned,880c6868-1c27-32e3-9fea-2faac2d82a0e,c9e43b53-80ff-3e91-abf0-e321abc7cd7e,2003,1,CD,9,9,Heart of a Dragon,heart of a dragon,322586,no,no,no,y,ok,,Heart of a Dragon,346,107,53
sonic-firestorm-1-01,9ca28dc5-cd5b-4aff-93e7-8aa912625599,Sonic Firestorm,bc210daa-b1cd-36d8-a3df-dd71d9a4dd7b,0b02627a-7f8f-4ea9-8d07-1fe397cfc210,2004,1,Digital Media,1,1,My Spirit Will Go On,my spirit will go on,474400,no,no,no,y,ok,,My Spirit Will Go On,455,126,63
sonic-firestorm-1-02,d2a471c9-a362-4237-b24b-4d0c7db4f6fa,Sonic Firestorm,bc210daa-b1cd-36d8-a3df-dd71d9a4dd7b,0b02627a-7f8f-4ea9-8d07-1fe397cfc210,2004,1,Digital Media,2,2,Fury of the Storm,fury of the storm,406826,no,no,no,y,ok,,Fury of the Storm,360,107,40
sonic-firestorm-1-03,b39eecbd-a74c-423a-9cab-57b1aabe8e88,Sonic Firestorm,bc210daa-b1cd-36d8-a3df-dd71d9a4dd7b,0b02627a-7f8f-4ea9-8d07-1fe397cfc210,2004,1,Digital Media,3,3,Fields of Despair,fields of despair,325133,no,no,no,y,ok,,Fields of Despair,278,107,35
sonic-firestorm-1-04,93fac4ce-82bc-40dc-980b-f39c3d3968d0,Sonic Firestorm,bc210daa-b1cd-36d8-a3df-dd71d9a4dd7b,0b02627a-7f8f-4ea9-8d07-1fe397cfc210,2004,1,Digital Media,4,4,Dawn Over a New World,dawn over a new world,312600,no,no,no,y,ok,,Dawn Over a New World,370,129,66
sonic-firestorm-1-05,cf577334-d041-40d0-ae2c-525ed5572089,Sonic Firestorm,bc210daa-b1cd-36d8-a3df-dd71d9a4dd7b,0b02627a-7f8f-4ea9-8d07-1fe397cfc210,2004,1,Digital Media,5,5,Above the Winter Moonlight,above the winter moonlight,450866,no,no,no,y,ok,,Above the Winter Moonlight,339,127,48
sonic-firestorm-1-06,69746bfb-73d4-41af-bd91-b5a0aa172a63,Sonic Firestorm,bc210daa-b1cd-36d8-a3df-dd71d9a4dd7b,0b02627a-7f8f-4ea9-8d07-1fe397cfc210,2004,1,Digital Media,6,6,Soldiers of the Wastelands,soldiers of the wastelands,587133,no,no,no,y,ok,,Soldiers of the Wasteland,461,169,88
sonic-firestorm-1-07,ac0a7d72-2174-4d4f-877b-e12e814eafd2,Sonic Firestorm,bc210daa-b1cd-36d8-a3df-dd71d9a4dd7b,0b02627a-7f8f-4ea9-8d07-1fe397cfc210,2004,1,Digital Media,7,7,Prepare for War,prepare for war,375200,no,no,no,y,ok,,Prepare for War,304,124,59
sonic-firestorm-1-08,b5578012-1a36-4825-95bb-f10f6bfeb8ef,Sonic Firestorm,bc210daa-b1cd-36d8-a3df-dd71d9a4dd7b,0b02627a-7f8f-4ea9-8d07-1fe397cfc210,2004,1,Digital Media,8,8,Once in a Lifetime,once in a lifetime,466733,no,no,no,y,ok,,Once in a Lifetime,472,139,83
sonic-firestorm-1-09,ece75721-aa84-48ff-9b03-9ec472102098,Sonic Firestorm,bc210daa-b1cd-36d8-a3df-dd71d9a4dd7b,0b02627a-7f8f-4ea9-8d07-1fe397cfc210,2004,1,Digital Media,9,9,Cry of the Brave,cry of the brave,345573,yes,no,no,y,ok,,Cry of the Brave,374,150,63
inhuman-rampage-1-01,6899dd21-3eee-4dfa-a444-6bdc778d2a87,Inhuman Rampage,9f7d7652-cf16-3384-86a2-f14bc0f1a67b,2f5489f2-edc4-3e36-9dae-8298c254e29a,2005,1,Enhanced CD,1,1,Through the Fire and Flames,through the fire and flames,441600,no,no,no,y,ok,,Through the Fire and Flames,400,164,56
inhuman-rampage-1-02,3904154a-5f9f-465b-a050-1f60feea7245,Inhuman Rampage,9f7d7652-cf16-3384-86a2-f14bc0f1a67b,2f5489f2-edc4-3e36-9dae-8298c254e29a,2005,1,Enhanced CD,2,2,Revolution Deathsquad,revolution deathsquad,473026,no,no,no,y,ok,,Revolution Deathsquad,419,155,56
inhuman-rampage-1-03,33075ee8-aa05-492d-87a7-3438b88b376e,Inhuman Rampage,9f7d7652-cf16-3384-86a2-f14bc0f1a67b,2f5489f2-edc4-3e36-9dae-8298c254e29a,2005,1,Enhanced CD,3,3,Storming the Burning Fields,storming the burning fields,319533,no,no,no,y,ok,,Storming the Burning Fields,331,124,51
inhuman-rampage-1-04,d07a34bc-f50f-4f32-9627-d568fd7b5728,Inhuman Rampage,9f7d7652-cf16-3384-86a2-f14bc0f1a67b,2f5489f2-edc4-3e36-9dae-8298c254e29a,2005,1,Enhanced CD,4,4,Operation Ground and Pound,operation ground and pound,464706,no,no,no,y,ok,,Operation Ground and Pound,376,150,58
inhuman-rampage-1-05,59f1c6ab-6b25-4c88-8b36-f5192fc8c9b5,Inhuman Rampage,9f7d7652-cf16-3384-86a2-f14bc0f1a67b,2f5489f2-edc4-3e36-9dae-8298c254e29a,2005,1,Enhanced CD,5,5,Body Breakdown,body breakdown,418760,no,no,no,y,ok,,Body Breakdown,348,158,59
inhuman-rampage-1-06,c862c3fe-25ef-4406-9e7e-f698a88288ed,Inhuman Rampage,9f7d7652-cf16-3384-86a2-f14bc0f1a67b,2f5489f2-edc4-3e36-9dae-8298c254e29a,2005,1,Enhanced CD,6,6,Cry for Eternity,cry for eternity,492640,no,no,no,y,ok,,Cry for Eternity,331,132,65
inhuman-rampage-1-07,3a7b4437-c59b-4a4a-8e6d-30fce2a6b03e,Inhuman Rampage,9f7d7652-cf16-3384-86a2-f14bc0f1a67b,2f5489f2-edc4-3e36-9dae-8298c254e29a,2005,1,Enhanced CD,7,7,The Flame of Youth,the flame of youth,401360,no,no,no,y,ok,,The Flame of Youth,468,164,68
inhuman-rampage-1-08,9bb1a5f0-58e7-490c-9c21-c56fd15dc6cd,Inhuman Rampage,9f7d7652-cf16-3384-86a2-f14bc0f1a67b,2f5489f2-edc4-3e36-9dae-8298c254e29a,2005,1,Enhanced CD,8,8,Trail of Broken Hearts,trail of broken hearts,355133,no,no,no,y,ok,,Trail of Broken Hearts,351,143,44
inhuman-rampage-1-09,b13df45e-722a-4e09-b825-bd15c65c88cb,Inhuman Rampage,9f7d7652-cf16-3384-86a2-f14bc0f1a67b,2f5489f2-edc4-3e36-9dae-8298c254e29a,2005,1,Enhanced CD,9,9,Lost Souls in Endless Time,lost souls in endless time,383973,yes,no,no,y,ok,,Lost Souls in Endless Time,472,181,70
ultra-beatdown-1-01,3d9dec8f-fd2a-4ba7-885c-e374bba7c5d9,Ultra Beatdown,7c3e75cd-109d-3b03-86e3-e5359a329725,c2eb1dfb-f7d8-4138-9687-6038342fdf2d,2008,1,CD,1,1,Heroes of Our Time,heroes of our time,435000,no,no,no,y,ok,,Heroes of Our Time,343,130,45
ultra-beatdown-1-02,b52681e1-5093-4ed7-9974-3b2331d67571,Ultra Beatdown,7c3e75cd-109d-3b03-86e3-e5359a329725,c2eb1dfb-f7d8-4138-9687-6038342fdf2d,2008,1,CD,2,2,The Fire Still Burns,the fire still burns,473253,no,no,no,y,ok,,The Fire Still Burns,478,186,73
ultra-beatdown-1-03,0a745378-dcc2-4050-86f5-536be66f0f1b,Ultra Beatdown,7c3e75cd-109d-3b03-86e3-e5359a329725,c2eb1dfb-f7d8-4138-9687-6038342fdf2d,2008,1,CD,3,3,Reasons to Live,reasons to live,385173,no,no,no,y,ok,,Reasons to Live,310,114,56
ultra-beatdown-1-04,a165e0e6-63cb-48e9-bf29-f54871af990e,Ultra Beatdown,7c3e75cd-109d-3b03-86e3-e5359a329725,c2eb1dfb-f7d8-4138-9687-6038342fdf2d,2008,1,CD,4,4,Heartbreak Armageddon,heartbreak armageddon,462546,no,no,no,y,ok,,Heartbreak Armageddon,337,134,58
ultra-beatdown-1-05,46e34a15-d0a5-4cb7-baf6-3894813e2d3b,Ultra Beatdown,7c3e75cd-109d-3b03-86e3-e5359a329725,c2eb1dfb-f7d8-4138-9687-6038342fdf2d,2008,1,CD,5,5,The Last Journey Home,the last journey home,495626,no,no,no,y,ok,,The Last Journey Home,318,141,40
ultra-beatdown-1-06,07a93930-92bf-430d-ba36-4d84e33cabb7,Ultra Beatdown,7c3e75cd-109d-3b03-86e3-e5359a329725,c2eb1dfb-f7d8-4138-9687-6038342fdf2d,2008,1,CD,6,6,A Flame for Freedom,a flame for freedom,320160,no,no,no,y,ok,,A Flame for Freedom,258,104,34
ultra-beatdown-1-07,338a97ab-ed09-4cad-b365-fb7e2f1d2818,Ultra Beatdown,7c3e75cd-109d-3b03-86e3-e5359a329725,c2eb1dfb-f7d8-4138-9687-6038342fdf2d,2008,1,CD,7,7,Inside the Winter Storm,inside the winter storm,491893,no,no,no,y,ok,,Inside the Winter Storm,344,125,49
ultra-beatdown-1-08,60fa10c9-5557-457c-a3fb-fa7ce56a61be,Ultra Beatdown,7c3e75cd-109d-3b03-86e3-e5359a329725,c2eb1dfb-f7d8-4138-9687-6038342fdf2d,2008,1,CD,8,8,The Warrior Inside,the warrior inside,464373,no,no,no,y,ok,,The Warrior Inside,326,164,58
ultra-beatdown-1-09,77102ed0-f7a4-46ab-a660-a4ce83c9d7ba,Ultra Beatdown,7c3e75cd-109d-3b03-86e3-e5359a329725,c2eb1dfb-f7d8-4138-9687-6038342fdf2d,2008,1,CD,9,9,Strike of the Ninja,strike of the ninja,198053,yes,no,no,y,ok,,Strike of the Ninja,259,91,31
ultra-beatdown-1-10,c9b4cf0f-4a5a-4fb4-89a0-e2f037df783e,Ultra Beatdown,7c3e75cd-109d-3b03-86e3-e5359a329725,c2eb1dfb-f7d8-4138-9687-6038342fdf2d,2008,1,CD,10,10,Scars of Yesterday,scars of yesterday,469733,yes,no,no,y,ok,,Scars of Yesterday,362,160,48
ultra-beatdown-1-11,d3dbffbf-a1d4-432e-bd6a-38724b0eaa05,Ultra Beatdown,7c3e75cd-109d-3b03-86e3-e5359a329725,c2eb1dfb-f7d8-4138-9687-6038342fdf2d,2008,1,CD,11,11,E.P.M.,e p m,444346,yes,no,no,y,ok,,E.P.M.,369,152,53
the-power-within-1-01,e66b259f-3e56-4101-9c2e-8140c887cea2,The Power Within,97801c06-1752-492e-9ed4-5429b758381d,8c97dc9a-b91e-460a-8ba5-ecd20e8eedd9,2012,1,CD,1,1,Holding On,holding on,295600,no,no,no,y,ok,,Holding On,343,146,53
the-power-within-1-02,748c3847-de4b-4cb0-ad73-0307c2376f51,The Power Within,97801c06-1752-492e-9ed4-5429b758381d,8c97dc9a-b91e-460a-8ba5-ecd20e8eedd9,2012,1,CD,2,2,Fallen World,fallen world,248453,no,no,no,y,ok,,Fallen World,208,95,39
the-power-within-1-03,2d6bbd24-bcc9-49cd-93ae-38d15c7a08b4,The Power Within,97801c06-1752-492e-9ed4-5429b758381d,8c97dc9a-b91e-460a-8ba5-ecd20e8eedd9,2012,1,CD,3,3,Cry Thunder,cry thunder,314546,no,no,no,y,ok,,Cry Thunder,293,125,38
the-power-within-1-04,6e95a3a3-cb2e-499e-861c-8ed5cbbc4ca2,The Power Within,97801c06-1752-492e-9ed4-5429b758381d,8c97dc9a-b91e-460a-8ba5-ecd20e8eedd9,2012,1,CD,4,4,Give Me the Night,give me the night,267586,no,no,no,y,ok,,Give Me the Night,285,109,43
the-power-within-1-05,c0c31264-4a05-4d69-82e5-3c8ceaff61ea,The Power Within,97801c06-1752-492e-9ed4-5429b758381d,8c97dc9a-b91e-460a-8ba5-ecd20e8eedd9,2012,1,CD,5,5,Wings of Liberty,wings of liberty,443520,no,no,no,y,ok,,Wings of Liberty,479,138,62
the-power-within-1-06,0de8d0d7-4255-45e7-b656-b889ae737d70,The Power Within,97801c06-1752-492e-9ed4-5429b758381d,8c97dc9a-b91e-460a-8ba5-ecd20e8eedd9,2012,1,CD,6,6,Seasons,seasons,307040,no,no,no,y,ok,,Seasons,258,107,35
the-power-within-1-07,6179db9a-0480-401f-9499-24a0067798a0,The Power Within,97801c06-1752-492e-9ed4-5429b758381d,8c97dc9a-b91e-460a-8ba5-ecd20e8eedd9,2012,1,CD,7,7,Heart of the Storm,heart of the storm,283200,no,no,no,y,ok,,Heart of the Storm,282,131,40
the-power-within-1-08,6c42e9af-3a5e-472c-a183-bce022dddc03,The Power Within,97801c06-1752-492e-9ed4-5429b758381d,8c97dc9a-b91e-460a-8ba5-ecd20e8eedd9,2012,1,CD,8,8,Die by the Sword,die by the sword,276360,no,no,no,y,ok,,Die by the Sword,275,108,37
the-power-within-1-09,fd991dbf-1c2d-43b1-bbf3-f34aa2ac7655,The Power Within,97801c06-1752-492e-9ed4-5429b758381d,8c97dc9a-b91e-460a-8ba5-ecd20e8eedd9,2012,1,CD,9,9,Last Man Stands,last man stands,309586,no,no,no,y,ok,,Last Man Stands,343,127,60
the-power-within-1-10,d08cc71b-71b6-48e0-a3cc-961b633d81da,The Power Within,97801c06-1752-492e-9ed4-5429b758381d,8c97dc9a-b91e-460a-8ba5-ecd20e8eedd9,2012,1,CD,10,10,Seasons (acoustic version),seasons,266306,no,no,no,y,same_as,the-power-within-1-06,Seasons,258,107,35
the-power-within-1-11,53f88b5a-eca8-45e0-ac29-8d74339cbf9a,The Power Within,97801c06-1752-492e-9ed4-5429b758381d,8c97dc9a-b91e-460a-8ba5-ecd20e8eedd9,2012,1,CD,11,11,Power of the Ninja Sword,power of the ninja sword,217053,yes,no,no,y,ok,,Power of the Ninja Sword,294,98,42
the-power-within-1-12,fc7ac4be-a7b4-4b22-8b32-a6cc2eb5140f,The Power Within,97801c06-1752-492e-9ed4-5429b758381d,8c97dc9a-b91e-460a-8ba5-ecd20e8eedd9,2012,1,CD,12,12,Heart of the Storm (alternative chorus version),heart of the storm,283226,yes,no,no,y,ok,,Heart of the Storm (Alternative Chorus Version),340,129,56
the-power-within-1-13,a452f8a9-d6c2-42d4-9f7b-503013f8612c,The Power Within,97801c06-1752-492e-9ed4-5429b758381d,8c97dc9a-b91e-460a-8ba5-ecd20e8eedd9,2012,1,CD,13,13,Avant la tempête (instrumental),avant la tempete,119946,yes,no,yes,y,no_lyrics,,,,,
maximum-overload-1-01,3e852046-6d92-4c55-a1d9-8e76715e2bf3,Maximum Overload,531516fa-6318-44d5-9ad1-92eefbe3a1bb,e460a64d-32e4-4fd9-ac4f-77842ca9b2d6,2014,1,Digital Media,1,1,The Game,the game,296000,no,no,no,y,ok,,The Game,345,121,48
maximum-overload-1-02,eb1d232f-552c-42d9-bd56-0a71736a5e01,Maximum Overload,531516fa-6318-44d5-9ad1-92eefbe3a1bb,e460a64d-32e4-4fd9-ac4f-77842ca9b2d6,2014,1,Digital Media,2,2,Tomorrow's Kings,tomorrows kings,253000,no,no,no,y,ok,,Tomorrow’s Kings,357,120,45
maximum-overload-1-03,6467566d-cfa5-470b-abac-58f1b6cfbcc5,Maximum Overload,531516fa-6318-44d5-9ad1-92eefbe3a1bb,e460a64d-32e4-4fd9-ac4f-77842ca9b2d6,2014,1,Digital Media,3,3,No More,no more,230000,no,no,no,y,ok,,No More,284,116,47
maximum-overload-1-04,6c23b731-d9e0-4481-9001-57b0c02c0522,Maximum Overload,531516fa-6318-44d5-9ad1-92eefbe3a1bb,e460a64d-32e4-4fd9-ac4f-77842ca9b2d6,2014,1,Digital Media,4,4,Three Hammers,three hammers,350000,no,no,no,y,ok,,Three Hammers,351,128,61
maximum-overload-1-05,45cf74f0-4004-4cf4-9a28-2cf92664398b,Maximum Overload,531516fa-6318-44d5-9ad1-92eefbe3a1bb,e460a64d-32e4-4fd9-ac4f-77842ca9b2d6,2014,1,Digital Media,5,5,Symphony of the Night,symphony of the night,319000,no,no,no,y,ok,,Symphony of the Night,286,120,49
maximum-overload-1-06,1028f62b-3ee4-46bd-a9fe-8ef9d8b5f5ba,Maximum Overload,531516fa-6318-44d5-9ad1-92eefbe3a1bb,e460a64d-32e4-4fd9-ac4f-77842ca9b2d6,2014,1,Digital Media,6,6,The Sun is Dead,the sun is dead,394000,no,no,no,y,ok,,The Sun Is Dead,236,94,45
maximum-overload-1-07,cc1180cd-6a06-459c-b620-a027246b0f8a,Maximum Overload,531516fa-6318-44d5-9ad1-92eefbe3a1bb,e460a64d-32e4-4fd9-ac4f-77842ca9b2d6,2014,1,Digital Media,7,7,Defenders,defenders,347000,no,no,no,y,ok,,Defenders,414,146,78
maximum-overload-1-08,e9bc4919-875f-4915-b1bb-d8e5417fc835,Maximum Overload,531516fa-6318-44d5-9ad1-92eefbe3a1bb,e460a64d-32e4-4fd9-ac4f-77842ca9b2d6,2014,1,Digital Media,8,8,Extraction Zone,extraction zone,306000,no,no,no,y,ok,,Extraction Zone,309,121,46
maximum-overload-1-09,eec112fa-e036-42a4-9e7b-fff198e40c80,Maximum Overload,531516fa-6318-44d5-9ad1-92eefbe3a1bb,e460a64d-32e4-4fd9-ac4f-77842ca9b2d6,2014,1,Digital Media,9,9,City of Gold,city of gold,283000,no,no,no,y,ok,,City of Gold,330,125,45
maximum-overload-1-10,eec4037b-feca-402f-9fa9-097441d7c6ee,Maximum Overload,531516fa-6318-44d5-9ad1-92eefbe3a1bb,e460a64d-32e4-4fd9-ac4f-77842ca9b2d6,2014,1,Digital Media,10,10,Ring of Fire,ring of fire,195000,no,yes,no,y,ok,,Ring of Fire,186,44,27
maximum-overload-1-11,419a912b-c4a1-4a60-b91c-592bf8d93b0d,Maximum Overload,531516fa-6318-44d5-9ad1-92eefbe3a1bb,e460a64d-32e4-4fd9-ac4f-77842ca9b2d6,2014,1,Digital Media,11,11,Power and Glory,power and glory,306000,yes,no,no,y,ok,,Power and Glory,330,98,48
maximum-overload-1-12,4831f5c4-38c7-43b3-ae58-c9481e8f936b,Maximum Overload,531516fa-6318-44d5-9ad1-92eefbe3a1bb,e460a64d-32e4-4fd9-ac4f-77842ca9b2d6,2014,1,Digital Media,12,12,You're Not Alone,youre not alone,278000,yes,no,no,y,ok,,You’re Not Alone,240,93,35
maximum-overload-1-13,493b0774-2408-4a04-8e5d-8f41eb766394,Maximum Overload,531516fa-6318-44d5-9ad1-92eefbe3a1bb,e460a64d-32e4-4fd9-ac4f-77842ca9b2d6,2014,1,Digital Media,13,13,Chemical Interference,chemical interference,312000,yes,no,no,y,ok,,Chemical Interference,318,125,49
maximum-overload-1-14,9888008c-e671-4993-8ea8-33b9217ee53d,Maximum Overload,531516fa-6318-44d5-9ad1-92eefbe3a1bb,e460a64d-32e4-4fd9-ac4f-77842ca9b2d6,2014,1,Digital Media,14,14,Summer's End,summers end,328000,yes,no,no,y,ok,,Summer’s End,351,98,46
maximum-overload-1-15,d7cee7f7-1170-497a-b49b-7830d8030cc8,Maximum Overload,531516fa-6318-44d5-9ad1-92eefbe3a1bb,e460a64d-32e4-4fd9-ac4f-77842ca9b2d6,2014,1,Digital Media,15,15,Fight to be Free,fight to be free,285000,yes,no,no,y,ok,,Fight to Be Free,362,105,50
maximum-overload-1-16,57102acf-6a36-4a9e-8f18-70db7a7c2090,Maximum Overload,531516fa-6318-44d5-9ad1-92eefbe3a1bb,e460a64d-32e4-4fd9-ac4f-77842ca9b2d6,2014,1,Digital Media,16,16,Galactic Astro Domination (Remixed),galactic astro domination,92000,yes,no,yes,y,no_lyrics,,,,,
reaching-into-infinity-1-01,9d52381b-4282-486d-bef0-2522179cc3df,Reaching Into Infinity,55534e75-a37d-4692-af0e-fd5c33f322aa,d22f1777-0c4d-4e1e-9755-91fdfd287b84,2017,1,CD,1,1,Reaching Into Infinity,reaching into infinity,85000,no,no,yes,y,no_lyrics,,,,,
reaching-into-infinity-1-02,1e5a38d8-adc1-45df-a928-de4cf30cceaf,Reaching Into Infinity,55534e75-a37d-4692-af0e-fd5c33f322aa,d22f1777-0c4d-4e1e-9755-91fdfd287b84,2017,1,CD,2,2,Ashes of the Dawn,ashes of the dawn,273000,no,no,no,y,ok,,Ashes of the Dawn,312,112,35
reaching-into-infinity-1-03,45147169-210e-4517-8176-832bb21d690a,Reaching Into Infinity,55534e75-a37d-4692-af0e-fd5c33f322aa,d22f1777-0c4d-4e1e-9755-91fdfd287b84,2017,1,CD,3,3,Judgement Day,judgement day,373000,no,no,no,y,ok,,Judgement Day,353,133,57
reaching-into-infinity-1-04,0fad8bd4-029d-45ad-bc05-80747eb180a8,Reaching Into Infinity,55534e75-a37d-4692-af0e-fd5c33f322aa,d22f1777-0c4d-4e1e-9755-91fdfd287b84,2017,1,CD,4,4,Astral Empire,astral empire,324000,no,no,no,y,ok,,Astral Empire,289,117,43
reaching-into-infinity-1-05,6f6a6cd9-113d-44e8-80cd-dd13de28c8f2,Reaching Into Infinity,55534e75-a37d-4692-af0e-fd5c33f322aa,d22f1777-0c4d-4e1e-9755-91fdfd287b84,2017,1,CD,5,5,Curse of Darkness,curse of darkness,335000,no,no,no,y,ok,,Curse of Darkness,310,121,42
reaching-into-infinity-1-06,93b94b88-c3f9-4253-bcdc-7010ea091d20,Reaching Into Infinity,55534e75-a37d-4692-af0e-fd5c33f322aa,d22f1777-0c4d-4e1e-9755-91fdfd287b84,2017,1,CD,6,6,Silence,silence,290000,no,no,no,y,ok,,Silence,233,98,25
reaching-into-infinity-1-07,008aa979-5809-43fc-a023-020bbc9001cc,Reaching Into Infinity,55534e75-a37d-4692-af0e-fd5c33f322aa,d22f1777-0c4d-4e1e-9755-91fdfd287b84,2017,1,CD,7,7,Midnight Madness,midnight madness,381000,no,no,no,y,ok,,Midnight Madness,391,119,62
reaching-into-infinity-1-08,af87b5c6-c957-4941-95ba-f9fc522857a6,Reaching Into Infinity,55534e75-a37d-4692-af0e-fd5c33f322aa,d22f1777-0c4d-4e1e-9755-91fdfd287b84,2017,1,CD,8,8,WAR!,war,319000,no,no,no,y,ok,,WAR!,523,136,67
reaching-into-infinity-1-09,e019101b-2934-42e3-a894-c337186fc44d,Reaching Into Infinity,55534e75-a37d-4692-af0e-fd5c33f322aa,d22f1777-0c4d-4e1e-9755-91fdfd287b84,2017,1,CD,9,9,Land of Shattered Dreams,land of shattered dreams,299000,no,no,no,y,ok,,Land of Shattered Dreams,256,87,45
reaching-into-infinity-1-10,936ace21-d216-4920-992a-23e24bfc2d5f,Reaching Into Infinity,55534e75-a37d-4692-af0e-fd5c33f322aa,d22f1777-0c4d-4e1e-9755-91fdfd287b84,2017,1,CD,10,10,The Edge of the World,the edge of the world,663000,no,no,no,y,ok,,The Edge of the World,421,157,55
reaching-into-infinity-1-11,e5d779ec-6646-4b7a-ac4f-6c87a8b23219,Reaching Into Infinity,55534e75-a37d-4692-af0e-fd5c33f322aa,d22f1777-0c4d-4e1e-9755-91fdfd287b84,2017,1,CD,11,11,Our Final Stand,our final stand,304000,no,no,no,y,ok,,Our Final Stand,225,99,36
reaching-into-infinity-1-12,d8a82131-5f6f-41d4-bc74-e993d946fbe1,Reaching Into Infinity,55534e75-a37d-4692-af0e-fd5c33f322aa,d22f1777-0c4d-4e1e-9755-91fdfd287b84,2017,1,CD,12,12,Hatred and Revenge,hatred and revenge,326000,yes,no,no,y,ok,,Hatred and Revenge,404,102,55
reaching-into-infinity-1-13,0654c2e4-1fb6-4791-996f-3b32853b33e1,Reaching Into Infinity,55534e75-a37d-4692-af0e-fd5c33f322aa,d22f1777-0c4d-4e1e-9755-91fdfd287b84,2017,1,CD,13,13,Evil Dead,evil dead,201000,yes,yes,no,y,ok,,Evil Dead,61,44,20
extreme-power-metal-1-01,f91934eb-1945-449c-9ca0-dcb1a8ffe440,Extreme Power Metal,70c41b71-17df-4ba8-9192-bf28929b979f,854d72fb-dc80-46cf-b297-68840e28cff4,2019,1,CD,1,1,Highway to Oblivion,highway to oblivion,408120,no,no,no,y,ok,,Highway to Oblivion,428,178,71
extreme-power-metal-1-02,a71f7e22-4f6c-4c00-b809-a69f1b46b0ab,Extreme Power Metal,70c41b71-17df-4ba8-9192-bf28929b979f,854d72fb-dc80-46cf-b297-68840e28cff4,2019,1,CD,2,2,Cosmic Power of the Infinite Shred Machine,cosmic power of the infinite shred machine,396080,no,no,no,y,ok,,Cosmic Power of the Infinite Shred Machine,322,121,45
extreme-power-metal-1-03,4a13e748-e94a-44fa-9d8e-4af722b58d31,Extreme Power Metal,70c41b71-17df-4ba8-9192-bf28929b979f,854d72fb-dc80-46cf-b297-68840e28cff4,2019,1,CD,3,3,The Last Dragonborn,the last dragonborn,372587,no,no,no,y,ok,,The Last Dragonborn,429,174,51
extreme-power-metal-1-04,cf7e6f85-b5cf-44ba-9f03-93ab5f2e00d5,Extreme Power Metal,70c41b71-17df-4ba8-9192-bf28929b979f,854d72fb-dc80-46cf-b297-68840e28cff4,2019,1,CD,4,4,Heart Demolition,heart demolition,339373,no,no,no,y,ok,,Heart Demolition,415,144,59
extreme-power-metal-1-05,7e9fd4a7-b753-45ec-b2f1-c183c6ce585a,Extreme Power Metal,70c41b71-17df-4ba8-9192-bf28929b979f,854d72fb-dc80-46cf-b297-68840e28cff4,2019,1,CD,5,5,Troopers of the Stars,troopers of the stars,303467,no,no,no,y,ok,,Troopers of the Stars,310,117,53
extreme-power-metal-1-06,a0e4000d-f2e6-4c53-935f-e433bd940e5b,Extreme Power Metal,70c41b71-17df-4ba8-9192-bf28929b979f,854d72fb-dc80-46cf-b297-68840e28cff4,2019,1,CD,6,6,Razorblade Meltdown,razorblade meltdown,285773,no,no,no,y,ok,,Razorblade Meltdown,347,142,52
extreme-power-metal-1-07,43d1ae95-955f-4047-836f-258a5710478e,Extreme Power Metal,70c41b71-17df-4ba8-9192-bf28929b979f,854d72fb-dc80-46cf-b297-68840e28cff4,2019,1,CD,7,7,Strangers,strangers,269267,no,no,no,y,ok,,Strangers,305,98,53
extreme-power-metal-1-08,b019d800-d04c-4747-b62f-0ca309f23373,Extreme Power Metal,70c41b71-17df-4ba8-9192-bf28929b979f,854d72fb-dc80-46cf-b297-68840e28cff4,2019,1,CD,8,8,In a Skyforged Dream,in a skyforged dream,285200,no,no,no,y,ok,,In a Skyforged Dream,289,101,49
extreme-power-metal-1-09,c34b0dc5-c48f-44c4-8d6b-a88f39995e25,Extreme Power Metal,70c41b71-17df-4ba8-9192-bf28929b979f,854d72fb-dc80-46cf-b297-68840e28cff4,2019,1,CD,9,9,Remembrance Day,remembrance day,310387,no,no,no,y,ok,,Remembrance Day,294,111,46
extreme-power-metal-1-10,51dc6142-19f6-48a3-a267-f1be907a9530,Extreme Power Metal,70c41b71-17df-4ba8-9192-bf28929b979f,854d72fb-dc80-46cf-b297-68840e28cff4,2019,1,CD,10,10,My Heart Will Go On,my heart will go on,204760,no,yes,no,y,ok,,My Heart Will Go On,180,72,28
extreme-power-metal-1-11,863c7c7d-4dfa-4ce6-bddd-0fc988621fd5,Extreme Power Metal,70c41b71-17df-4ba8-9192-bf28929b979f,854d72fb-dc80-46cf-b297-68840e28cff4,2019,1,CD,11,11,Behind the Mirror of Death,behind the mirror of death,332000,yes,no,no,y,ok,,Behind the Mirror of Death,246,113,33
warp-speed-warriors-1-01,760316a2-ee21-4d26-8240-becd03b7f9c5,Warp Speed Warriors,db5b4b22-43a1-45ba-a490-2c5ec341a7b2,7c71acf9-bde1-4392-983a-0011e6d1bec6,2024,1,CD,1,1,Astro Warrior Anthem,astro warrior anthem,410000,no,no,no,y,ok,,Astro Warrior Anthem,528,187,76
warp-speed-warriors-1-02,0609debe-b3ee-4375-99b0-faf779161939,Warp Speed Warriors,db5b4b22-43a1-45ba-a490-2c5ec341a7b2,7c71acf9-bde1-4392-983a-0011e6d1bec6,2024,1,CD,2,2,Power of the Triforce,power of the triforce,233000,no,no,no,y,ok,,Power of the Triforce,371,128,50
warp-speed-warriors-1-03,89339ca3-4703-4f2c-908b-aa8c7d8c89b3,Warp Speed Warriors,db5b4b22-43a1-45ba-a490-2c5ec341a7b2,7c71acf9-bde1-4392-983a-0011e6d1bec6,2024,1,CD,3,3,Kingdom of Steel,kingdom of steel,286000,no,no,no,y,ok,,Kingdom of Steel,271,99,28
warp-speed-warriors-1-04,7f2a6d4d-4122-4be8-a931-f94355cb19a5,Warp Speed Warriors,db5b4b22-43a1-45ba-a490-2c5ec341a7b2,7c71acf9-bde1-4392-983a-0011e6d1bec6,2024,1,CD,4,4,Burning Heart,burning heart,356000,no,no,no,y,ok,,Burning Heart,335,111,66
warp-speed-warriors-1-05,899c78a2-2350-450b-b7ea-008201bdeca3,Warp Speed Warriors,db5b4b22-43a1-45ba-a490-2c5ec341a7b2,7c71acf9-bde1-4392-983a-0011e6d1bec6,2024,1,CD,5,5,Space Marine Corp,space marine corp,377000,no,no,no,y,ok,,Space Marine Corp,599,172,72
warp-speed-warriors-1-06,2d580fae-80d0-4e43-ac45-0ea99670dfc1,Warp Speed Warriors,db5b4b22-43a1-45ba-a490-2c5ec341a7b2,7c71acf9-bde1-4392-983a-0011e6d1bec6,2024,1,CD,6,6,Prelude to Darkness,prelude to darkness,52000,no,no,yes,y,no_lyrics,,,,,
warp-speed-warriors-1-07,8e4190d1-470c-4e48-b86b-77e8745feca3,Warp Speed Warriors,db5b4b22-43a1-45ba-a490-2c5ec341a7b2,7c71acf9-bde1-4392-983a-0011e6d1bec6,2024,1,CD,7,7,The Killer Queen,the killer queen,349000,no,no,no,y,ok,,The Killer Queen,437,167,63
warp-speed-warriors-1-08,e29b0071-1d3d-4e08-ab27-2b270411c6c7,Warp Speed Warriors,db5b4b22-43a1-45ba-a490-2c5ec341a7b2,7c71acf9-bde1-4392-983a-0011e6d1bec6,2024,1,CD,8,8,Doomsday Party,doomsday party,315000,no,no,no,y,ok,,Doomsday Party,411,124,55
warp-speed-warriors-1-09,f68bea49-0c95-4a00-9ae1-dbdbcc761b18,Warp Speed Warriors,db5b4b22-43a1-45ba-a490-2c5ec341a7b2,7c71acf9-bde1-4392-983a-0011e6d1bec6,2024,1,CD,9,9,Pixel Prison,pixel prison,402000,no,no,no,y,ok,,Pixel Prison,453,152,65
warp-speed-warriors-1-10,21506f2d-443f-4d79-8c7f-95f9f98f75ee,Warp Speed Warriors,db5b4b22-43a1-45ba-a490-2c5ec341a7b2,7c71acf9-bde1-4392-983a-0011e6d1bec6,2024,1,CD,10,10,Wildest Dreams (DragonForce’s version),wildest dreams,172000,yes,yes,no,y,ok,,Wildest Dreams (DragonForce’s Version),230,105,50
